Order_ID,Distance_km,Traffic_Level,Weather,Vehicle_Type,Order_Quantity,Delivery_Time_hr,Expected_Time_hr,Delivery_Status,Delivery_Cost
1001,41,Low,Fog,Bike,1,4.85,4.62,Delayed,208.17
1002,31,Low,Rain,Truck,6,4.27,4.22,Delayed,225.78
1003,17,Low,Clear,Van,4,2.32,2.58,On-Time,149.52
1004,45,Medium,Clear,Van,1,5.3,5.02,Delayed,245.65
1005,10,Medium,Rain,Van,7,3.09,2.24,Delayed,132.16
1006,23,High,Clear,Bike,9,4.19,3.78,Delayed,152.16
1007,41,Medium,Clear,Bike,4,4.64,4.98,On-Time,234.41
1008,21,Low,Clear,Bike,4,3.23,2.98,Delayed,136.67
1009,25,Medium,Rain,Van,6,4.34,3.62,Delayed,177.18
1010,13,High,Rain,Bike,3,3.1,2.06,Delayed,115.67
1011,13,Medium,Clear,Bike,6,3.16,2.42,Delayed,112.28
1012,26,High,Rain,Bike,7,5.18,3.84,Delayed,175.09
1013,38,Medium,Clear,Bike,10,6.01,5.4,Delayed,249.68
1014,42,Medium,Clear,Truck,10,5.82,5.8,Delayed,274.48
1015,26,Medium,Rain,Van,3,4.68,3.36,Delayed,191.73
1016,5,Low,Rain,Van,7,2.55,1.74,Delayed,89.94
1017,24,Low,Rain,Bike,3,3.37,3.16,Delayed,167.66
1018,4,Low,Rain,Van,2,1.58,1.04,Delayed,104.1
1019,26,Medium,Clear,Van,10,4.53,4.2,Delayed,169.54
1020,46,Low,Clear,Bike,4,5.76,5.48,Delayed,246.64
1021,32,Medium,Clear,Bike,8,4.42,4.56,On-Time,214.32
1022,40,High,Clear,Bike,9,6.52,5.48,Delayed,241.06
1023,4,Low,Clear,Van,7,1.71,1.64,Delayed,103.75
1024,23,Medium,Fog,Van,1,3.1,2.82,Delayed,156.85
1025,35,High,Clear,Bike,3,4.65,4.26,Delayed,208.54
1026,14,Low,Fog,Bike,9,2.77,2.88,On-Time,132.43
1027,24,Low,Rain,Van,1,3.03,2.92,Delayed,182.31
1028,46,Low,Rain,Van,9,6.53,6.08,Delayed,283.75
1029,27,Low,Clear,Truck,8,4.19,4.06,Delayed,217.45
1030,29,High,Clear,Van,1,4.15,3.42,Delayed,184.36
1031,44,High,Clear,Bike,6,6.89,5.52,Delayed,246.95
1032,30,Medium,Clear,Bike,5,3.72,4.0,On-Time,186.31
1033,18,High,Rain,Van,6,3.52,2.92,Delayed,160.33
1034,17,High,Clear,Bike,10,4.08,3.3,Delayed,144.35
1035,49,Low,Clear,Van,5,5.73,5.9,On-Time,286.78
1036,46,High,Rain,Truck,6,6.81,5.72,Delayed,313.1
1037,5,Medium,Clear,Van,5,0.88,1.5,On-Time,108.95
1038,39,High,Fog,Bike,5,6.47,4.9,Delayed,225.39
1039,9,High,Fog,Van,4,2.82,1.78,Delayed,127.21
1040,23,Low,Fog,Van,3,3.79,3.06,Delayed,164.2
1041,11,Low,Clear,Van,3,1.69,1.86,On-Time,94.24
1042,41,Low,Clear,Truck,4,4.25,4.98,On-Time,250.1
1043,20,Medium,Fog,Bike,9,4.3,3.48,Delayed,137.05
1044,6,High,Clear,Truck,2,1.47,1.24,Delayed,105.98
1045,27,High,Fog,Truck,9,5.56,4.18,Delayed,216.12
1046,16,Low,Fog,Bike,1,3.05,2.12,Delayed,142.82
1047,11,Medium,Fog,Bike,1,2.27,1.62,Delayed,105.62
1048,28,Medium,Clear,Bike,5,4.18,3.8,Delayed,180.47
1049,4,Low,Clear,Bike,6,1.13,1.52,On-Time,94.75
1050,22,Low,Fog,Bike,6,3.64,3.32,Delayed,133.87
1051,30,Low,Clear,Van,3,3.42,3.76,On-Time,201.33
1052,49,High,Clear,Bike,7,6.58,6.14,Delayed,285.55
1053,9,Low,Clear,Bike,9,1.99,2.38,On-Time,95.56
1054,46,Medium,Fog,Van,10,6.68,6.2,Delayed,296.93
1055,10,Medium,Rain,Bike,8,3.75,2.36,Delayed,119.06
1056,49,Medium,Clear,Van,6,6.13,6.02,Delayed,280.82
1057,37,High,Clear,Bike,8,5.62,5.06,Delayed,235.99
1058,16,High,Rain,Bike,5,3.97,2.6,Delayed,159.95
1059,19,Low,Fog,Van,8,3.72,3.26,Delayed,166.98
1060,38,Medium,Clear,Van,10,5.42,5.4,Delayed,252.58
1061,42,Low,Clear,Truck,4,4.89,5.08,On-Time,260.89
1062,6,Low,Fog,Van,10,2.97,2.2,Delayed,105.0
1063,4,Low,Rain,Van,8,1.77,1.76,Delayed,111.76
1064,8,Medium,Rain,Bike,10,2.9,2.4,Delayed,101.33
1065,44,Medium,Rain,Bike,2,5.64,5.04,Delayed,243.66
1066,6,Low,Clear,Van,5,0.5,1.6,On-Time,96.97
1067,31,Low,Clear,Van,9,3.75,4.58,On-Time,223.45
1068,20,High,Rain,Truck,4,4.46,2.88,Delayed,178.0
1069,28,Low,Rain,Bike,6,4.8,3.92,Delayed,198.05
1070,46,Low,Fog,Bike,1,5.63,5.12,Delayed,242.58
1071,36,Medium,Fog,Van,9,6.18,5.08,Delayed,235.46
1072,12,High,Clear,Bike,1,2.63,1.72,Delayed,94.15
1073,38,Low,Clear,Truck,5,5.48,4.8,Delayed,246.77
1074,16,Medium,Rain,Truck,4,3.37,2.48,Delayed,161.73
1075,33,High,Rain,Bike,3,5.32,4.06,Delayed,208.18
1076,50,Low,Rain,Van,6,5.99,6.12,On-Time,278.93
1077,17,Medium,Rain,Van,2,2.38,2.34,Delayed,151.84
1078,10,Medium,Fog,Bike,3,2.83,1.76,Delayed,118.77
1079,16,Medium,Clear,Truck,5,2.34,2.6,On-Time,164.66
1080,25,Medium,Clear,Van,9,3.58,3.98,On-Time,215.02
1081,42,Medium,Clear,Van,2,4.71,4.84,On-Time,237.11
1082,23,Low,Clear,Bike,10,3.32,3.9,On-Time,159.66
1083,18,High,Clear,Truck,8,4.35,3.16,Delayed,154.26
1084,47,Low,Clear,Bike,2,5.45,5.34,Delayed,273.35
1085,20,Low,Clear,Bike,5,2.8,3.0,On-Time,157.35
1086,49,Low,Clear,Truck,7,6.26,6.14,Delayed,302.63
1087,26,Medium,Clear,Bike,8,4.19,3.96,Delayed,185.56
1088,28,Medium,Clear,Bike,1,3.22,3.32,On-Time,159.59
1089,27,Low,Clear,Truck,6,3.95,3.82,Delayed,237.75
1090,47,Medium,Rain,Truck,1,5.91,5.22,Delayed,281.45
1091,43,Low,Clear,Van,2,4.28,4.94,On-Time,251.91
1092,31,Medium,Clear,Van,1,3.65,3.62,Delayed,206.41
1093,17,Low,Clear,Bike,5,2.19,2.7,On-Time,142.67
1094,47,Medium,Rain,Bike,10,6.52,6.3,Delayed,278.09
1095,3,Medium,Clear,Bike,9,2.3,1.78,Delayed,78.61
1096,27,High,Rain,Van,6,5.69,3.82,Delayed,199.06
1097,9,Low,Clear,Van,1,0.63,1.42,On-Time,127.88
1098,11,Low,Clear,Van,1,1.52,1.62,On-Time,129.85
1099,26,Low,Clear,Van,2,2.71,3.24,On-Time,198.32
1100,3,High,Clear,Bike,9,2.41,1.78,Delayed,81.97
1101,46,High,Rain,Van,3,6.35,5.36,Delayed,253.82
1102,10,Low,Rain,Bike,1,1.52,1.52,On-Time,95.99
1103,26,Medium,Fog,Van,5,4.52,3.6,Delayed,187.37
1104,13,High,Clear,Bike,7,3.05,2.54,Delayed,138.23
1105,19,Medium,Clear,Truck,6,3.11,3.02,Delayed,154.49
1106,10,Medium,Rain,Bike,1,2.2,1.52,Delayed,115.85
1107,37,Low,Clear,Bike,5,4.42,4.7,On-Time,219.0
1108,37,Low,Clear,Bike,5,4.18,4.7,On-Time,215.78
1109,35,High,Clear,Van,6,5.12,4.62,Delayed,214.85
1110,7,High,Clear,Van,3,2.42,1.46,Delayed,82.04
1111,44,Medium,Fog,Bike,5,6.58,5.4,Delayed,260.18
1112,41,Low,Rain,Bike,7,5.3,5.34,On-Time,243.58
1113,43,Low,Rain,Van,5,5.53,5.3,Delayed,242.62
1114,30,Medium,Clear,Bike,5,4.46,4.0,Delayed,175.96
1115,9,High,Clear,Van,5,2.02,1.9,Delayed,111.27
1116,11,High,Clear,Van,10,3.59,2.7,Delayed,156.23
1117,10,High,Clear,Bike,10,3.17,2.6,Delayed,116.88
1118,14,Medium,Clear,Bike,3,2.56,2.16,Delayed,101.26
1119,36,Low,Rain,Truck,1,3.95,4.12,On-Time,230.75
1120,35,Low,Rain,Bike,5,4.17,4.5,On-Time,209.23
